Method,Job,AnalyzeLaunchVariance,EvaluateOverhead,MaxAbsoluteError,MaxRelativeError,MinInvokeCount,MinIterationTime,OutlierMode,Affinity,EnvironmentVariables,Jit,Platform,PowerPlanMode,Runtime,AllowVeryLargeObjects,Concurrent,CpuGroups,Force,HeapAffinitizeMask,HeapCount,NoAffinitize,RetainVm,Server,Arguments,BuildConfiguration,Clock,EngineFactory,NuGetReferences,Toolchain,IsMutator,InvocationCount,IterationCount,IterationTime,LaunchCount,MaxIterationCount,MaxWarmupIterationCount,MinIterationCount,MinWarmupIterationCount,RunStrategy,UnrollFactor,WarmupCount,VTableLength,VTableCount,Mean,Error,StdDev,Median,P25,P50,P67,P80,P90,P95
FinishVTables_Random,ShortRun,True,Default,Default,Default,Default,Default,Default,1111,Empty,RyuJit,X64,8c5e7fda-e8bf-4a96-9a85-a6e23a8c635c,.NET Core 5.0,False,True,False,True,Default,Default,False,False,False,Default,Default,Default,Default,Default,Default,Default,1,7,Default,7,Default,Default,Default,Default,Default,16,5,4,10,229.4 ns,1.96 ns,3.82 ns,228.2 ns,227.8 ns,228.2 ns,229.2 ns,229.5 ns,229.8 ns,237.4 ns
FinishVTables_Guassian,ShortRun,True,Default,Default,Default,Default,Default,Default,1111,Empty,RyuJit,X64,8c5e7fda-e8bf-4a96-9a85-a6e23a8c635c,.NET Core 5.0,False,True,False,True,Default,Default,False,False,False,Default,Default,Default,Default,Default,Default,Default,1,7,Default,7,Default,Default,Default,Default,Default,16,5,4,10,231.1 ns,1.34 ns,2.65 ns,230.4 ns,229.1 ns,230.4 ns,231.3 ns,231.7 ns,236.6 ns,237.1 ns
FinishVTables_Random,ShortRun-.NET Core 5.0,False,Default,Default,Default,Default,Default,Default,1111,Empty,RyuJit,X64,8c5e7fda-e8bf-4a96-9a85-a6e23a8c635c,.NET Core 5.0,False,True,False,True,Default,Default,False,False,False,Default,Default,Default,Default,Default,Default,Default,1,3,Default,1,Default,Default,Default,Default,Default,16,3,4,10,229.3 ns,1.44 ns,0.08 ns,229.3 ns,229.2 ns,229.3 ns,229.3 ns,229.3 ns,229.3 ns,229.3 ns
FinishVTables_Guassian,ShortRun-.NET Core 5.0,False,Default,Default,Default,Default,Default,Default,1111,Empty,RyuJit,X64,8c5e7fda-e8bf-4a96-9a85-a6e23a8c635c,.NET Core 5.0,False,True,False,True,Default,Default,False,False,False,Default,Default,Default,Default,Default,Default,Default,1,3,Default,1,Default,Default,Default,Default,Default,16,3,4,10,228.7 ns,4.03 ns,0.22 ns,228.6 ns,228.6 ns,228.6 ns,228.8 ns,228.8 ns,228.9 ns,229.0 ns
FinishVTables_Random,ShortRun,True,Default,Default,Default,Default,Default,Default,1111,Empty,RyuJit,X64,8c5e7fda-e8bf-4a96-9a85-a6e23a8c635c,.NET Core 5.0,False,True,False,True,Default,Default,False,False,False,Default,Default,Default,Default,Default,Default,Default,1,7,Default,7,Default,Default,Default,Default,Default,16,5,4,100,"10,722.6 ns",285.27 ns,563.09 ns,"11,077.2 ns","9,881.9 ns","11,077.2 ns","11,081.3 ns","11,088.2 ns","11,101.4 ns","11,104.3 ns"
FinishVTables_Guassian,ShortRun,True,Default,Default,Default,Default,Default,Default,1111,Empty,RyuJit,X64,8c5e7fda-e8bf-4a96-9a85-a6e23a8c635c,.NET Core 5.0,False,True,False,True,Default,Default,False,False,False,Default,Default,Default,Default,Default,Default,Default,1,7,Default,7,Default,Default,Default,Default,Default,16,5,4,100,"10,368.7 ns",306.02 ns,596.86 ns,"9,877.2 ns","9,860.6 ns","9,877.2 ns","11,027.3 ns","11,044.6 ns","11,076.5 ns","11,095.5 ns"
FinishVTables_Random,ShortRun-.NET Core 5.0,False,Default,Default,Default,Default,Default,Default,1111,Empty,RyuJit,X64,8c5e7fda-e8bf-4a96-9a85-a6e23a8c635c,.NET Core 5.0,False,True,False,True,Default,Default,False,False,False,Default,Default,Default,Default,Default,Default,Default,1,3,Default,1,Default,Default,Default,Default,Default,16,3,4,100,"9,868.5 ns",366.02 ns,20.06 ns,"9,865.6 ns","9,857.8 ns","9,865.6 ns","9,873.8 ns","9,880.1 ns","9,885.0 ns","9,887.4 ns"
FinishVTables_Guassian,ShortRun-.NET Core 5.0,False,Default,Default,Default,Default,Default,Default,1111,Empty,RyuJit,X64,8c5e7fda-e8bf-4a96-9a85-a6e23a8c635c,.NET Core 5.0,False,True,False,True,Default,Default,False,False,False,Default,Default,Default,Default,Default,Default,Default,1,3,Default,1,Default,Default,Default,Default,Default,16,3,4,100,"9,779.1 ns",256.29 ns,14.05 ns,"9,781.9 ns","9,772.9 ns","9,781.9 ns","9,785.2 ns","9,787.7 ns","9,789.7 ns","9,790.6 ns"
FinishVTables_Random,ShortRun,True,Default,Default,Default,Default,Default,Default,1111,Empty,RyuJit,X64,8c5e7fda-e8bf-4a96-9a85-a6e23a8c635c,.NET Core 5.0,False,True,False,True,Default,Default,False,False,False,Default,Default,Default,Default,Default,Default,Default,1,7,Default,7,Default,Default,Default,Default,Default,16,5,4,200,"38,896.4 ns","1,243.35 ns","2,425.06 ns","40,330.3 ns","35,387.0 ns","40,330.3 ns","40,387.1 ns","40,462.4 ns","40,623.6 ns","40,827.7 ns"
FinishVTables_Guassian,ShortRun,True,Default,Default,Default,Default,Default,Default,1111,Empty,RyuJit,X64,8c5e7fda-e8bf-4a96-9a85-a6e23a8c635c,.NET Core 5.0,False,True,False,True,Default,Default,False,False,False,Default,Default,Default,Default,Default,Default,Default,1,7,Default,7,Default,Default,Default,Default,Default,16,5,4,200,"37,441.7 ns","1,332.05 ns","2,629.34 ns","35,316.7 ns","35,252.6 ns","35,316.7 ns","40,358.7 ns","40,579.7 ns","40,633.5 ns","40,648.5 ns"
FinishVTables_Random,ShortRun-.NET Core 5.0,False,Default,Default,Default,Default,Default,Default,1111,Empty,RyuJit,X64,8c5e7fda-e8bf-4a96-9a85-a6e23a8c635c,.NET Core 5.0,False,True,False,True,Default,Default,False,False,False,Default,Default,Default,Default,Default,Default,Default,1,3,Default,1,Default,Default,Default,Default,Default,16,3,4,200,"35,028.4 ns","3,294.05 ns",180.56 ns,"34,926.5 ns","34,924.2 ns","34,926.5 ns","35,032.0 ns","35,112.7 ns","35,174.8 ns","35,205.9 ns"
FinishVTables_Guassian,ShortRun-.NET Core 5.0,False,Default,Default,Default,Default,Default,Default,1111,Empty,RyuJit,X64,8c5e7fda-e8bf-4a96-9a85-a6e23a8c635c,.NET Core 5.0,False,True,False,True,Default,Default,False,False,False,Default,Default,Default,Default,Default,Default,Default,1,3,Default,1,Default,Default,Default,Default,Default,16,3,4,200,"34,835.9 ns","1,146.79 ns",62.86 ns,"34,831.6 ns","34,803.5 ns","34,831.6 ns","34,855.2 ns","34,873.1 ns","34,887.0 ns","34,893.9 ns"
FinishVTables_Random,ShortRun,True,Default,Default,Default,Default,Default,Default,1111,Empty,RyuJit,X64,8c5e7fda-e8bf-4a96-9a85-a6e23a8c635c,.NET Core 5.0,False,True,False,True,Default,Default,False,False,False,Default,Default,Default,Default,Default,Default,Default,1,7,Default,7,Default,Default,Default,Default,Default,16,5,4,400,"144,677.4 ns","5,745.34 ns","11,340.74 ns","154,188.0 ns","132,028.7 ns","154,188.0 ns","154,545.9 ns","154,759.3 ns","154,803.7 ns","154,894.1 ns"
FinishVTables_Guassian,ShortRun,True,Default,Default,Default,Default,Default,Default,1111,Empty,RyuJit,X64,8c5e7fda-e8bf-4a96-9a85-a6e23a8c635c,.NET Core 5.0,False,True,False,True,Default,Default,False,False,False,Default,Default,Default,Default,Default,Default,Default,1,7,Default,7,Default,Default,Default,Default,Default,16,5,4,400,"138,376.9 ns","5,436.21 ns","10,342.96 ns","131,935.1 ns","131,745.5 ns","131,935.1 ns","132,469.8 ns","154,228.2 ns","154,380.0 ns","154,588.1 ns"
FinishVTables_Random,ShortRun-.NET Core 5.0,False,Default,Default,Default,Default,Default,Default,1111,Empty,RyuJit,X64,8c5e7fda-e8bf-4a96-9a85-a6e23a8c635c,.NET Core 5.0,False,True,False,True,Default,Default,False,False,False,Default,Default,Default,Default,Default,Default,Default,1,3,Default,1,Default,Default,Default,Default,Default,16,3,4,400,"131,967.1 ns","2,908.03 ns",159.40 ns,"132,016.4 ns","131,902.7 ns","132,016.4 ns","132,043.5 ns","132,064.2 ns","132,080.1 ns","132,088.1 ns"
FinishVTables_Guassian,ShortRun-.NET Core 5.0,False,Default,Default,Default,Default,Default,Default,1111,Empty,RyuJit,X64,8c5e7fda-e8bf-4a96-9a85-a6e23a8c635c,.NET Core 5.0,False,True,False,True,Default,Default,False,False,False,Default,Default,Default,Default,Default,Default,Default,1,3,Default,1,Default,Default,Default,Default,Default,16,3,4,400,"131,481.7 ns","6,645.33 ns",364.25 ns,"131,611.3 ns","131,340.8 ns","131,611.3 ns","131,663.0 ns","131,702.5 ns","131,733.0 ns","131,748.2 ns"
FinishVTables_Random,ShortRun,True,Default,Default,Default,Default,Default,Default,1111,Empty,RyuJit,X64,8c5e7fda-e8bf-4a96-9a85-a6e23a8c635c,.NET Core 5.0,False,True,False,True,Default,Default,False,False,False,Default,Default,Default,Default,Default,Default,Default,1,7,Default,7,Default,Default,Default,Default,Default,16,5,8,10,224.4 ns,0.52 ns,1.01 ns,224.5 ns,223.5 ns,224.5 ns,224.7 ns,225.1 ns,225.7 ns,226.0 ns
FinishVTables_Guassian,ShortRun,True,Default,Default,Default,Default,Default,Default,1111,Empty,RyuJit,X64,8c5e7fda-e8bf-4a96-9a85-a6e23a8c635c,.NET Core 5.0,False,True,False,True,Default,Default,False,False,False,Default,Default,Default,Default,Default,Default,Default,1,7,Default,7,Default,Default,Default,Default,Default,16,5,8,10,225.3 ns,0.40 ns,0.77 ns,225.0 ns,224.8 ns,225.0 ns,225.4 ns,225.7 ns,226.5 ns,226.9 ns
FinishVTables_Random,ShortRun-.NET Core 5.0,False,Default,Default,Default,Default,Default,Default,1111,Empty,RyuJit,X64,8c5e7fda-e8bf-4a96-9a85-a6e23a8c635c,.NET Core 5.0,False,True,False,True,Default,Default,False,False,False,Default,Default,Default,Default,Default,Default,Default,1,3,Default,1,Default,Default,Default,Default,Default,16,3,8,10,218.1 ns,4.02 ns,0.22 ns,218.0 ns,218.0 ns,218.0 ns,218.1 ns,218.2 ns,218.3 ns,218.3 ns
FinishVTables_Guassian,ShortRun-.NET Core 5.0,False,Default,Default,Default,Default,Default,Default,1111,Empty,RyuJit,X64,8c5e7fda-e8bf-4a96-9a85-a6e23a8c635c,.NET Core 5.0,False,True,False,True,Default,Default,False,False,False,Default,Default,Default,Default,Default,Default,Default,1,3,Default,1,Default,Default,Default,Default,Default,16,3,8,10,223.5 ns,5.98 ns,0.33 ns,223.7 ns,223.4 ns,223.7 ns,223.7 ns,223.7 ns,223.7 ns,223.7 ns
FinishVTables_Random,ShortRun,True,Default,Default,Default,Default,Default,Default,1111,Empty,RyuJit,X64,8c5e7fda-e8bf-4a96-9a85-a6e23a8c635c,.NET Core 5.0,False,True,False,True,Default,Default,False,False,False,Default,Default,Default,Default,Default,Default,Default,1,7,Default,7,Default,Default,Default,Default,Default,16,5,8,100,"10,159.2 ns",275.52 ns,537.37 ns,"9,848.0 ns","9,817.9 ns","9,848.0 ns","9,878.7 ns","11,012.9 ns","11,028.0 ns","11,031.2 ns"
FinishVTables_Guassian,ShortRun,True,Default,Default,Default,Default,Default,Default,1111,Empty,RyuJit,X64,8c5e7fda-e8bf-4a96-9a85-a6e23a8c635c,.NET Core 5.0,False,True,False,True,Default,Default,False,False,False,Default,Default,Default,Default,Default,Default,Default,1,7,Default,7,Default,Default,Default,Default,Default,16,5,8,100,"10,904.0 ns",177.46 ns,341.91 ns,"11,041.1 ns","11,024.5 ns","11,041.1 ns","11,050.2 ns","11,058.3 ns","11,068.2 ns","11,077.4 ns"
FinishVTables_Random,ShortRun-.NET Core 5.0,False,Default,Default,Default,Default,Default,Default,1111,Empty,RyuJit,X64,8c5e7fda-e8bf-4a96-9a85-a6e23a8c635c,.NET Core 5.0,False,True,False,True,Default,Default,False,False,False,Default,Default,Default,Default,Default,Default,Default,1,3,Default,1,Default,Default,Default,Default,Default,16,3,8,100,"9,781.1 ns",200.58 ns,10.99 ns,"9,787.3 ns","9,777.8 ns","9,787.3 ns","9,787.4 ns","9,787.5 ns","9,787.6 ns","9,787.6 ns"
FinishVTables_Guassian,ShortRun-.NET Core 5.0,False,Default,Default,Default,Default,Default,Default,1111,Empty,RyuJit,X64,8c5e7fda-e8bf-4a96-9a85-a6e23a8c635c,.NET Core 5.0,False,True,False,True,Default,Default,False,False,False,Default,Default,Default,Default,Default,Default,Default,1,3,Default,1,Default,Default,Default,Default,Default,16,3,8,100,"9,892.1 ns","1,472.62 ns",80.72 ns,"9,858.4 ns","9,846.0 ns","9,858.4 ns","9,901.2 ns","9,933.9 ns","9,959.0 ns","9,971.6 ns"
FinishVTables_Random,ShortRun,True,Default,Default,Default,Default,Default,Default,1111,Empty,RyuJit,X64,8c5e7fda-e8bf-4a96-9a85-a6e23a8c635c,.NET Core 5.0,False,True,False,True,Default,Default,False,False,False,Default,Default,Default,Default,Default,Default,Default,1,7,Default,7,Default,Default,Default,Default,Default,16,5,8,200,"38,339.3 ns","1,368.97 ns","2,670.08 ns","40,499.4 ns","35,265.5 ns","40,499.4 ns","40,571.8 ns","40,596.9 ns","40,621.5 ns","40,824.3 ns"
FinishVTables_Guassian,ShortRun,True,Default,Default,Default,Default,Default,Default,1111,Empty,RyuJit,X64,8c5e7fda-e8bf-4a96-9a85-a6e23a8c635c,.NET Core 5.0,False,True,False,True,Default,Default,False,False,False,Default,Default,Default,Default,Default,Default,Default,1,7,Default,7,Default,Default,Default,Default,Default,16,5,8,200,"39,255.2 ns","1,034.86 ns","2,018.41 ns","40,539.6 ns","36,499.8 ns","40,539.6 ns","40,552.2 ns","40,555.5 ns","40,574.7 ns","40,591.5 ns"
FinishVTables_Random,ShortRun-.NET Core 5.0,False,Default,Default,Default,Default,Default,Default,1111,Empty,RyuJit,X64,8c5e7fda-e8bf-4a96-9a85-a6e23a8c635c,.NET Core 5.0,False,True,False,True,Default,Default,False,False,False,Default,Default,Default,Default,Default,Default,Default,1,3,Default,1,Default,Default,Default,Default,Default,16,3,8,200,"35,184.1 ns","1,158.20 ns",63.48 ns,"35,181.0 ns","35,151.6 ns","35,181.0 ns","35,204.1 ns","35,221.8 ns","35,235.4 ns","35,242.3 ns"
FinishVTables_Guassian,ShortRun-.NET Core 5.0,False,Default,Default,Default,Default,Default,Default,1111,Empty,RyuJit,X64,8c5e7fda-e8bf-4a96-9a85-a6e23a8c635c,.NET Core 5.0,False,True,False,True,Default,Default,False,False,False,Default,Default,Default,Default,Default,Default,Default,1,3,Default,1,Default,Default,Default,Default,Default,16,3,8,200,"35,166.2 ns","4,412.89 ns",241.89 ns,"35,074.7 ns","35,029.0 ns","35,074.7 ns","35,199.1 ns","35,294.2 ns","35,367.3 ns","35,403.9 ns"
FinishVTables_Random,ShortRun,True,Default,Default,Default,Default,Default,Default,1111,Empty,RyuJit,X64,8c5e7fda-e8bf-4a96-9a85-a6e23a8c635c,.NET Core 5.0,False,True,False,True,Default,Default,False,False,False,Default,Default,Default,Default,Default,Default,Default,1,7,Default,7,Default,Default,Default,Default,Default,16,5,8,400,"142,289.5 ns","5,659.14 ns","11,037.73 ns","133,704.4 ns","132,112.8 ns","133,704.4 ns","154,285.0 ns","154,478.4 ns","154,639.9 ns","154,766.0 ns"
FinishVTables_Guassian,ShortRun,True,Default,Default,Default,Default,Default,Default,1111,Empty,RyuJit,X64,8c5e7fda-e8bf-4a96-9a85-a6e23a8c635c,.NET Core 5.0,False,True,False,True,Default,Default,False,False,False,Default,Default,Default,Default,Default,Default,Default,1,7,Default,7,Default,Default,Default,Default,Default,16,5,8,400,"149,015.3 ns","4,559.64 ns","8,893.23 ns","154,661.4 ns","136,680.8 ns","154,661.4 ns","154,752.7 ns","154,879.9 ns","154,925.9 ns","154,989.3 ns"
FinishVTables_Random,ShortRun-.NET Core 5.0,False,Default,Default,Default,Default,Default,Default,1111,Empty,RyuJit,X64,8c5e7fda-e8bf-4a96-9a85-a6e23a8c635c,.NET Core 5.0,False,True,False,True,Default,Default,False,False,False,Default,Default,Default,Default,Default,Default,Default,1,3,Default,1,Default,Default,Default,Default,Default,16,3,8,400,"131,816.6 ns","8,742.19 ns",479.19 ns,"131,755.6 ns","131,563.2 ns","131,755.6 ns","131,948.7 ns","132,096.3 ns","132,209.8 ns","132,266.6 ns"
FinishVTables_Guassian,ShortRun-.NET Core 5.0,False,Default,Default,Default,Default,Default,Default,1111,Empty,RyuJit,X64,8c5e7fda-e8bf-4a96-9a85-a6e23a8c635c,.NET Core 5.0,False,True,False,True,Default,Default,False,False,False,Default,Default,Default,Default,Default,Default,Default,1,3,Default,1,Default,Default,Default,Default,Default,16,3,8,400,"131,659.0 ns","2,806.76 ns",153.85 ns,"131,644.8 ns","131,578.8 ns","131,644.8 ns","131,704.2 ns","131,749.6 ns","131,784.6 ns","131,802.0 ns"
FinishVTables_Random,ShortRun,True,Default,Default,Default,Default,Default,Default,1111,Empty,RyuJit,X64,8c5e7fda-e8bf-4a96-9a85-a6e23a8c635c,.NET Core 5.0,False,True,False,True,Default,Default,False,False,False,Default,Default,Default,Default,Default,Default,Default,1,7,Default,7,Default,Default,Default,Default,Default,16,5,32,10,225.0 ns,0.76 ns,1.51 ns,224.6 ns,224.2 ns,224.6 ns,225.0 ns,225.2 ns,227.8 ns,228.5 ns
FinishVTables_Guassian,ShortRun,True,Default,Default,Default,Default,Default,Default,1111,Empty,RyuJit,X64,8c5e7fda-e8bf-4a96-9a85-a6e23a8c635c,.NET Core 5.0,False,True,False,True,Default,Default,False,False,False,Default,Default,Default,Default,Default,Default,Default,1,7,Default,7,Default,Default,Default,Default,Default,16,5,32,10,225.1 ns,1.02 ns,2.00 ns,224.1 ns,223.6 ns,224.1 ns,224.9 ns,227.6 ns,228.4 ns,228.6 ns
FinishVTables_Random,ShortRun-.NET Core 5.0,False,Default,Default,Default,Default,Default,Default,1111,Empty,RyuJit,X64,8c5e7fda-e8bf-4a96-9a85-a6e23a8c635c,.NET Core 5.0,False,True,False,True,Default,Default,False,False,False,Default,Default,Default,Default,Default,Default,Default,1,3,Default,1,Default,Default,Default,Default,Default,16,3,32,10,217.6 ns,5.03 ns,0.28 ns,217.5 ns,217.4 ns,217.5 ns,217.7 ns,217.8 ns,217.8 ns,217.9 ns
FinishVTables_Guassian,ShortRun-.NET Core 5.0,False,Default,Default,Default,Default,Default,Default,1111,Empty,RyuJit,X64,8c5e7fda-e8bf-4a96-9a85-a6e23a8c635c,.NET Core 5.0,False,True,False,True,Default,Default,False,False,False,Default,Default,Default,Default,Default,Default,Default,1,3,Default,1,Default,Default,Default,Default,Default,16,3,32,10,217.6 ns,4.95 ns,0.27 ns,217.7 ns,217.5 ns,217.7 ns,217.8 ns,217.8 ns,217.8 ns,217.9 ns
FinishVTables_Random,ShortRun,True,Default,Default,Default,Default,Default,Default,1111,Empty,RyuJit,X64,8c5e7fda-e8bf-4a96-9a85-a6e23a8c635c,.NET Core 5.0,False,True,False,True,Default,Default,False,False,False,Default,Default,Default,Default,Default,Default,Default,1,7,Default,7,Default,Default,Default,Default,Default,16,5,32,100,"10,371.4 ns",311.54 ns,607.63 ns,"9,886.2 ns","9,837.9 ns","9,886.2 ns","11,021.5 ns","11,045.7 ns","11,057.5 ns","11,079.1 ns"
FinishVTables_Guassian,ShortRun,True,Default,Default,Default,Default,Default,Default,1111,Empty,RyuJit,X64,8c5e7fda-e8bf-4a96-9a85-a6e23a8c635c,.NET Core 5.0,False,True,False,True,Default,Default,False,False,False,Default,Default,Default,Default,Default,Default,Default,1,7,Default,7,Default,Default,Default,Default,Default,16,5,32,100,"10,500.2 ns",223.09 ns,445.53 ns,"10,200.4 ns","10,150.4 ns","10,200.4 ns","10,971.9 ns","11,003.3 ns","11,021.7 ns","11,035.2 ns"
FinishVTables_Random,ShortRun-.NET Core 5.0,False,Default,Default,Default,Default,Default,Default,1111,Empty,RyuJit,X64,8c5e7fda-e8bf-4a96-9a85-a6e23a8c635c,.NET Core 5.0,False,True,False,True,Default,Default,False,False,False,Default,Default,Default,Default,Default,Default,Default,1,3,Default,1,Default,Default,Default,Default,Default,16,3,32,100,"9,810.1 ns",225.15 ns,12.34 ns,"9,815.7 ns","9,805.9 ns","9,815.7 ns","9,816.7 ns","9,817.5 ns","9,818.1 ns","9,818.4 ns"
FinishVTables_Guassian,ShortRun-.NET Core 5.0,False,Default,Default,Default,Default,Default,Default,1111,Empty,RyuJit,X64,8c5e7fda-e8bf-4a96-9a85-a6e23a8c635c,.NET Core 5.0,False,True,False,True,Default,Default,False,False,False,Default,Default,Default,Default,Default,Default,Default,1,3,Default,1,Default,Default,Default,Default,Default,16,3,32,100,"9,848.8 ns",352.82 ns,19.34 ns,"9,856.7 ns","9,841.7 ns","9,856.7 ns","9,858.8 ns","9,860.4 ns","9,861.6 ns","9,862.3 ns"
FinishVTables_Random,ShortRun,True,Default,Default,Default,Default,Default,Default,1111,Empty,RyuJit,X64,8c5e7fda-e8bf-4a96-9a85-a6e23a8c635c,.NET Core 5.0,False,True,False,True,Default,Default,False,False,False,Default,Default,Default,Default,Default,Default,Default,1,7,Default,7,Default,Default,Default,Default,Default,16,5,32,200,"36,756.8 ns","1,238.66 ns","2,445.00 ns","35,270.6 ns","35,181.6 ns","35,270.6 ns","35,333.7 ns","40,488.4 ns","40,558.6 ns","40,570.6 ns"
FinishVTables_Guassian,ShortRun,True,Default,Default,Default,Default,Default,Default,1111,Empty,RyuJit,X64,8c5e7fda-e8bf-4a96-9a85-a6e23a8c635c,.NET Core 5.0,False,True,False,True,Default,Default,False,False,False,Default,Default,Default,Default,Default,Default,Default,1,7,Default,7,Default,Default,Default,Default,Default,16,5,32,200,"39,248.4 ns","1,002.41 ns","1,931.31 ns","40,470.2 ns","36,628.0 ns","40,470.2 ns","40,554.3 ns","40,592.9 ns","40,634.5 ns","40,651.1 ns"
FinishVTables_Random,ShortRun-.NET Core 5.0,False,Default,Default,Default,Default,Default,Default,1111,Empty,RyuJit,X64,8c5e7fda-e8bf-4a96-9a85-a6e23a8c635c,.NET Core 5.0,False,True,False,True,Default,Default,False,False,False,Default,Default,Default,Default,Default,Default,Default,1,3,Default,1,Default,Default,Default,Default,Default,16,3,32,200,"35,086.9 ns","10,831.67 ns",593.72 ns,"34,754.0 ns","34,744.1 ns","34,754.0 ns","35,100.3 ns","35,365.0 ns","35,568.7 ns","35,670.5 ns"
FinishVTables_Guassian,ShortRun-.NET Core 5.0,False,Default,Default,Default,Default,Default,Default,1111,Empty,RyuJit,X64,8c5e7fda-e8bf-4a96-9a85-a6e23a8c635c,.NET Core 5.0,False,True,False,True,Default,Default,False,False,False,Default,Default,Default,Default,Default,Default,Default,1,3,Default,1,Default,Default,Default,Default,Default,16,3,32,200,"34,936.3 ns","3,543.06 ns",194.21 ns,"34,835.5 ns","34,824.4 ns","34,835.5 ns","34,945.9 ns","35,030.3 ns","35,095.3 ns","35,127.7 ns"
FinishVTables_Random,ShortRun,True,Default,Default,Default,Default,Default,Default,1111,Empty,RyuJit,X64,8c5e7fda-e8bf-4a96-9a85-a6e23a8c635c,.NET Core 5.0,False,True,False,True,Default,Default,False,False,False,Default,Default,Default,Default,Default,Default,Default,1,7,Default,7,Default,Default,Default,Default,Default,16,5,32,400,"141,400.8 ns","5,617.89 ns","11,219.53 ns","132,670.7 ns","131,510.2 ns","132,670.7 ns","153,766.3 ns","154,171.7 ns","154,446.1 ns","154,929.4 ns"
FinishVTables_Guassian,ShortRun,True,Default,Default,Default,Default,Default,Default,1111,Empty,RyuJit,X64,8c5e7fda-e8bf-4a96-9a85-a6e23a8c635c,.NET Core 5.0,False,True,False,True,Default,Default,False,False,False,Default,Default,Default,Default,Default,Default,Default,1,7,Default,7,Default,Default,Default,Default,Default,16,5,32,400,"145,819.3 ns","4,762.11 ns","9,399.95 ns","153,607.8 ns","136,021.3 ns","153,607.8 ns","153,811.6 ns","154,107.8 ns","154,428.6 ns","154,526.3 ns"
FinishVTables_Random,ShortRun-.NET Core 5.0,False,Default,Default,Default,Default,Default,Default,1111,Empty,RyuJit,X64,8c5e7fda-e8bf-4a96-9a85-a6e23a8c635c,.NET Core 5.0,False,True,False,True,Default,Default,False,False,False,Default,Default,Default,Default,Default,Default,Default,1,3,Default,1,Default,Default,Default,Default,Default,16,3,32,400,"130,819.1 ns",443.80 ns,24.33 ns,"130,832.7 ns","130,811.9 ns","130,832.7 ns","130,833.0 ns","130,833.3 ns","130,833.5 ns","130,833.6 ns"
FinishVTables_Guassian,ShortRun-.NET Core 5.0,False,Default,Default,Default,Default,Default,Default,1111,Empty,RyuJit,X64,8c5e7fda-e8bf-4a96-9a85-a6e23a8c635c,.NET Core 5.0,False,True,False,True,Default,Default,False,False,False,Default,Default,Default,Default,Default,Default,Default,1,3,Default,1,Default,Default,Default,Default,Default,16,3,32,400,"131,100.2 ns","12,286.55 ns",673.47 ns,"130,731.7 ns","130,711.5 ns","130,731.7 ns","131,121.3 ns","131,419.2 ns","131,648.3 ns","131,762.9 ns"
FinishVTables_Random,ShortRun,True,Default,Default,Default,Default,Default,Default,1111,Empty,RyuJit,X64,8c5e7fda-e8bf-4a96-9a85-a6e23a8c635c,.NET Core 5.0,False,True,False,True,Default,Default,False,False,False,Default,Default,Default,Default,Default,Default,Default,1,7,Default,7,Default,Default,Default,Default,Default,16,5,64,10,226.0 ns,0.42 ns,0.82 ns,226.1 ns,225.5 ns,226.1 ns,226.5 ns,226.8 ns,226.9 ns,227.2 ns
FinishVTables_Guassian,ShortRun,True,Default,Default,Default,Default,Default,Default,1111,Empty,RyuJit,X64,8c5e7fda-e8bf-4a96-9a85-a6e23a8c635c,.NET Core 5.0,False,True,False,True,Default,Default,False,False,False,Default,Default,Default,Default,Default,Default,Default,1,7,Default,7,Default,Default,Default,Default,Default,16,5,64,10,229.6 ns,1.57 ns,3.05 ns,229.3 ns,227.1 ns,229.3 ns,230.3 ns,231.3 ns,234.1 ns,236.5 ns
FinishVTables_Random,ShortRun-.NET Core 5.0,False,Default,Default,Default,Default,Default,Default,1111,Empty,RyuJit,X64,8c5e7fda-e8bf-4a96-9a85-a6e23a8c635c,.NET Core 5.0,False,True,False,True,Default,Default,False,False,False,Default,Default,Default,Default,Default,Default,Default,1,3,Default,1,Default,Default,Default,Default,Default,16,3,64,10,222.0 ns,5.19 ns,0.28 ns,222.0 ns,221.9 ns,222.0 ns,222.1 ns,222.2 ns,222.3 ns,222.3 ns
FinishVTables_Guassian,ShortRun-.NET Core 5.0,False,Default,Default,Default,Default,Default,Default,1111,Empty,RyuJit,X64,8c5e7fda-e8bf-4a96-9a85-a6e23a8c635c,.NET Core 5.0,False,True,False,True,Default,Default,False,False,False,Default,Default,Default,Default,Default,Default,Default,1,3,Default,1,Default,Default,Default,Default,Default,16,3,64,10,225.6 ns,4.57 ns,0.25 ns,225.7 ns,225.5 ns,225.7 ns,225.8 ns,225.8 ns,225.8 ns,225.8 ns
FinishVTables_Random,ShortRun,True,Default,Default,Default,Default,Default,Default,1111,Empty,RyuJit,X64,8c5e7fda-e8bf-4a96-9a85-a6e23a8c635c,.NET Core 5.0,False,True,False,True,Default,Default,False,False,False,Default,Default,Default,Default,Default,Default,Default,1,7,Default,7,Default,Default,Default,Default,Default,16,5,64,100,"10,587.0 ns",330.05 ns,651.49 ns,"11,023.3 ns","9,849.6 ns","11,023.3 ns","11,058.5 ns","11,096.3 ns","11,331.6 ns","11,340.3 ns"
FinishVTables_Guassian,ShortRun,True,Default,Default,Default,Default,Default,Default,1111,Empty,RyuJit,X64,8c5e7fda-e8bf-4a96-9a85-a6e23a8c635c,.NET Core 5.0,False,True,False,True,Default,Default,False,False,False,Default,Default,Default,Default,Default,Default,Default,1,7,Default,7,Default,Default,Default,Default,Default,16,5,64,100,"10,584.1 ns",300.33 ns,571.41 ns,"11,044.2 ns","9,915.5 ns","11,044.2 ns","11,060.0 ns","11,067.6 ns","11,083.1 ns","11,094.7 ns"
FinishVTables_Random,ShortRun-.NET Core 5.0,False,Default,Default,Default,Default,Default,Default,1111,Empty,RyuJit,X64,8c5e7fda-e8bf-4a96-9a85-a6e23a8c635c,.NET Core 5.0,False,True,False,True,Default,Default,False,False,False,Default,Default,Default,Default,Default,Default,Default,1,3,Default,1,Default,Default,Default,Default,Default,16,3,64,100,"9,772.7 ns",679.70 ns,37.26 ns,"9,789.4 ns","9,759.7 ns","9,789.4 ns","9,792.5 ns","9,794.9 ns","9,796.8 ns","9,797.7 ns"
FinishVTables_Guassian,ShortRun-.NET Core 5.0,False,Default,Default,Default,Default,Default,Default,1111,Empty,RyuJit,X64,8c5e7fda-e8bf-4a96-9a85-a6e23a8c635c,.NET Core 5.0,False,True,False,True,Default,Default,False,False,False,Default,Default,Default,Default,Default,Default,Default,1,3,Default,1,Default,Default,Default,Default,Default,16,3,64,100,"9,773.6 ns",148.08 ns,8.12 ns,"9,775.6 ns","9,770.1 ns","9,775.6 ns","9,777.3 ns","9,778.6 ns","9,779.6 ns","9,780.1 ns"
FinishVTables_Random,ShortRun,True,Default,Default,Default,Default,Default,Default,1111,Empty,RyuJit,X64,8c5e7fda-e8bf-4a96-9a85-a6e23a8c635c,.NET Core 5.0,False,True,False,True,Default,Default,False,False,False,Default,Default,Default,Default,Default,Default,Default,1,7,Default,7,Default,Default,Default,Default,Default,16,5,64,200,"39,749.6 ns","1,004.17 ns","1,982.13 ns","40,540.0 ns","40,407.3 ns","40,540.0 ns","40,598.7 ns","40,626.8 ns","40,652.0 ns","40,697.6 ns"
FinishVTables_Guassian,ShortRun,True,Default,Default,Default,Default,Default,Default,1111,Empty,RyuJit,X64,8c5e7fda-e8bf-4a96-9a85-a6e23a8c635c,.NET Core 5.0,False,True,False,True,Default,Default,False,False,False,Default,Default,Default,Default,Default,Default,Default,1,7,Default,7,Default,Default,Default,Default,Default,16,5,64,200,"37,832.9 ns","1,237.35 ns","2,413.36 ns","36,533.3 ns","35,433.7 ns","36,533.3 ns","40,440.4 ns","40,532.1 ns","40,634.3 ns","40,740.3 ns"
FinishVTables_Random,ShortRun-.NET Core 5.0,False,Default,Default,Default,Default,Default,Default,1111,Empty,RyuJit,X64,8c5e7fda-e8bf-4a96-9a85-a6e23a8c635c,.NET Core 5.0,False,True,False,True,Default,Default,False,False,False,Default,Default,Default,Default,Default,Default,Default,1,3,Default,1,Default,Default,Default,Default,Default,16,3,64,200,"34,970.6 ns","2,418.26 ns",132.55 ns,"34,972.9 ns","34,904.9 ns","34,972.9 ns","35,016.8 ns","35,050.4 ns","35,076.2 ns","35,089.1 ns"
FinishVTables_Guassian,ShortRun-.NET Core 5.0,False,Default,Default,Default,Default,Default,Default,1111,Empty,RyuJit,X64,8c5e7fda-e8bf-4a96-9a85-a6e23a8c635c,.NET Core 5.0,False,True,False,True,Default,Default,False,False,False,Default,Default,Default,Default,Default,Default,Default,1,3,Default,1,Default,Default,Default,Default,Default,16,3,64,200,"34,975.9 ns","1,157.82 ns",63.46 ns,"34,955.3 ns","34,940.3 ns","34,955.3 ns","34,986.5 ns","35,010.4 ns","35,028.7 ns","35,037.9 ns"
FinishVTables_Random,ShortRun,True,Default,Default,Default,Default,Default,Default,1111,Empty,RyuJit,X64,8c5e7fda-e8bf-4a96-9a85-a6e23a8c635c,.NET Core 5.0,False,True,False,True,Default,Default,False,False,False,Default,Default,Default,Default,Default,Default,Default,1,7,Default,7,Default,Default,Default,Default,Default,16,5,64,400,"141,771.2 ns","5,722.83 ns","11,025.95 ns","133,375.6 ns","132,302.1 ns","133,375.6 ns","154,313.0 ns","154,842.4 ns","154,944.6 ns","155,042.4 ns"
FinishVTables_Guassian,ShortRun,True,Default,Default,Default,Default,Default,Default,1111,Empty,RyuJit,X64,8c5e7fda-e8bf-4a96-9a85-a6e23a8c635c,.NET Core 5.0,False,True,False,True,Default,Default,False,False,False,Default,Default,Default,Default,Default,Default,Default,1,7,Default,7,Default,Default,Default,Default,Default,16,5,64,400,"151,683.2 ns","3,816.69 ns","7,444.16 ns","154,784.5 ns","154,256.2 ns","154,784.5 ns","154,900.2 ns","155,031.1 ns","155,140.2 ns","155,209.7 ns"
FinishVTables_Random,ShortRun-.NET Core 5.0,False,Default,Default,Default,Default,Default,Default,1111,Empty,RyuJit,X64,8c5e7fda-e8bf-4a96-9a85-a6e23a8c635c,.NET Core 5.0,False,True,False,True,Default,Default,False,False,False,Default,Default,Default,Default,Default,Default,Default,1,3,Default,1,Default,Default,Default,Default,Default,16,3,64,400,"131,246.2 ns","4,521.95 ns",247.86 ns,"131,328.4 ns","131,148.0 ns","131,328.4 ns","131,367.2 ns","131,396.9 ns","131,419.7 ns","131,431.1 ns"
FinishVTables_Guassian,ShortRun-.NET Core 5.0,False,Default,Default,Default,Default,Default,Default,1111,Empty,RyuJit,X64,8c5e7fda-e8bf-4a96-9a85-a6e23a8c635c,.NET Core 5.0,False,True,False,True,Default,Default,False,False,False,Default,Default,Default,Default,Default,Default,Default,1,3,Default,1,Default,Default,Default,Default,Default,16,3,64,400,"132,631.1 ns","3,708.25 ns",203.26 ns,"132,738.5 ns","132,567.6 ns","132,738.5 ns","132,745.2 ns","132,750.3 ns","132,754.2 ns","132,756.2 ns"
